20191119090212,3380
20191119090317,3381
20191119090422,3382
20191119090527,3383
20191119090632,3383
20191119090737,3383
20191119090841,3383
20191119090946,3383
20191119091051,3383
20191119091156,3383
20191119091301,3383
20191119091406,3383
20191119091511,3384
20191119091616,3385
20191119091721,3386
20191119091825,3387
20191119091930,3388
20191119092036,3389
20191119092140,3389
20191119092245,3390
20191119092350,3391
20191119092455,3392
20191119092559,3393
20191119092704,3394
20191119092809,3394
20191119092913,3395
20191119093018,3396
20191119093123,3396
20191119111254,3396
20191119111359,3397
20191119111505,3398
20191119111610,3400
20191119111715,3401
20191119111820,3403
20191119111925,3404
20191119112031,3405
20191119112136,3406
20191119112241,3406
20191120090544,3406
20191120090649,3406
20191120090754,3407
20191120090858,3408
20191120091003,3408
20191120091107,3409
20191120091212,3409
20191120091316,3410
20191120091421,3411
20191120091526,3413
20191120091630,3414
20191120091735,3416
20191120091840,3417
20191120091945,3417
20191120092050,3417
20191120092155,3417
20191120114602,3418
20191120114707,3419
20191120114812,3421
20191120114917,3422
20191120115022,3424
20191120115127,3426
20191120115232,3426
20191120115336,3427
20191120115441,3428
20191120115546,3428
20191120115651,3429
20191120115757,3430
20191120125303,3430
20191120130401,3431
20191120130506,3431
20191120130611,3431
20191120130717,3431
20191120130822,3431
20191120130927,3431
20191120131032,3431
20191120131137,3432
20191120131242,3432
20191120131347,3433
20191120131453,3435
20191120131558,3436
20191120131704,3438
20191120131809,3440
20191120131915,3441
20191120132020,3442
20191120132126,3442
20191120175834,3442
20191120175938,3443
20191120180043,3443
20191120180148,3443
20191120180253,3444
20191120180358,3445
20191120180502,3446
20191120180607,3447
20191120181704,3447
20191120181809,3447
20191120181913,3448
20191120182018,3449
20191120182123,3450
20191120182228,3451
20191120182333,3452
20191120182437,3452
20191120182542,3453
20191120182647,3454
20191120182752,3455
20191120182857,3455
20191121084048,3455
20191121084153,3455
20191121084257,3456
20191121084402,3457
20191121084506,3458
20191121084611,3458
20191121084715,3458
20191121084819,3458
20191121084924,3458
20191121085028,3458
20191121085133,3459
20191121085238,3460
20191121085343,3461
20191121085447,3462
20191121085552,3463
20191121085657,3464
20191121085802,3465
20191121085906,3466
20191121090011,3467
20191121090116,3468
20191121090220,3468
20191121090325,3468
20191121090429,3469
20191121090534,3470
20191121090638,3471
20191121090743,3472
20191121115600,3472
20191121115705,3473
20191121115810,3474
20191121115915,3474
20191121120019,3474
20191121123026,3474
20191121123130,3474
20191121123235,3475
20191121123340,3475
20191121123444,3476
20191121123549,3477
20191121184703,3477
20191121184808,3477
20191121184912,3477
20191121185017,3477
20191121185121,3478
20191121185226,3478
20191121185623,3479
20191121185728,3480
20191121185833,3480
20191121185937,3481
20191121190042,3482
20191121190146,3483
20191121191242,3483
20191121191347,3483
20191121191451,3484
20191121191556,3485
20191121191701,3486
20191121191805,3486
20191121191910,3487
20191121192015,3488
20191121192120,3488
20191121192225,3489
20191122173611,3489
20191122173716,3489
20191122173820,3489
20191122173925,3489
20191122174029,3489
20191122174134,3489
20191122174238,3489
20191122174343,3490
20191122174447,3490
20191122174552,3490
20191122174656,3490
20191122174801,3490
20191122182138,3490
20191122182243,3490
20191122182348,3491
20191122182453,3491
20191122182557,3492
20191123122040,3492
20191123122145,3492
20191123122249,3493
20191123122354,3493
20191123122459,3494
20191123122603,3495
20191123122708,3497
20191123122813,3498
20191123122918,3500
20191123123023,3502
20191123123129,3503
20191123123234,3505
20191123123339,3506
20191123123445,3508
20191123123550,3508
20191123123655,3508
20191123123801,3509
20191123123906,3510
20191123124011,3510
20191123124116,3511
20191123124221,3512
20191123125002,3512
20191123125107,3512
20191123125212,3513
20191123125318,3513
20191123125423,3514
20191123125528,3514
20191123125633,3514
20191123125739,3514
20191123125844,3514
20191123125949,3514
20191123130747,3514
20191123130852,3514
20191123130958,3514
20191123131103,3514
20191123131208,3515
20191123131313,3515
20191123131418,3516
20191123131524,3516
20191123131629,3517
20191123131734,3519
20191123131840,3520
20191123131945,3520
20191123132051,3521
20191123132157,3522
20191123132302,3522
20191123132408,3523
20191123132513,3524
20191123132619,3525
20191123132724,3526
20191123132829,3527
20191123132934,3528
20191123133039,3528
20191123133144,3529
20191123133249,3530
20191123133355,3531
20191123133500,3532
20191123133605,3532
20191123133711,3533
20191123133816,3533
20191123133922,3534
20191123134027,3534
20191123134133,3535
20191123134238,3536
20191123134343,3537
20191123161716,3538
20191123161821,3538
20191123161926,3539
20191123162031,3539
20191123162304,3539
20191123162409,3539
20191123162514,3540
20191123162619,3540
20191123162724,3541
20191123163156,3541
20191125092212,3541
20191125092317,3541
20191125092421,3542
20191125092526,3543
20191125092630,3544
20191125092734,3545
20191125092839,3546
20191125092943,3548
20191125093048,3550
20191125093152,3551
20191125093257,3552
20191125093402,3553
20191125120258,3553
20191125120403,3554
20191125120508,3556
20191125120614,3557
20191125120719,3559
20191125120824,3561
20191125120929,3562
20191125121034,3562
20191125121139,3563
20191125125044,3563
20191125125149,3564
20191125125254,3565
20191125125359,3565
20191125125504,3567
20191125125609,3568
20191125125715,3570
20191125125820,3572
20191125125925,3574
20191125130030,3574
20191125130135,3574
20191125181605,3575
20191125181709,3575
20191125181814,3576
20191125181919,3577
20191125182024,3578
20191125182128,3579
20191125182233,3580
20191125182338,3580
20191125182442,3581
20191125182547,3582
20191125182652,3583
20191125182757,3583
20191125182902,3584
20191125183007,3584
20191125190853,3585
20191125190958,3585
20191125191103,3586
20191125191208,3586
20191125191312,3586
20191125191417,3586
20191125191522,3586
20191125191627,3586
20191125191732,3586
20191125195128,3586
20191125195233,3587
20191125195338,3587
20191125195443,3588
20191125195548,3588
20191125195653,3588
20191126090722,3588
20191126090827,3588
20191126090931,3588
20191126091036,3588
20191126091140,3588
20191126091244,3588
20191126091349,3589
20191126091453,3589
20191126091558,3590
20191126091702,3590
20191126091807,3591
20191126091911,3592
20191126092016,3593
20191126092121,3594
20191126092225,3595
20191126092330,3596
20191126092435,3597
20191126092540,3598
20191126092645,3598
20191126092750,3599
20191126092854,3599
20191126092959,3599
20191126115755,3599
20191126115900,3600
20191126120005,3600
20191126120110,3601
20191126120214,3601
20191126120319,3602
20191126120706,3602
20191126123938,3602
20191126124043,3602
20191126124147,3602
20191126124252,3602
20191126124357,3603
20191126124502,3603
20191126124606,3603
20191126124711,3603
20191126124816,3604
20191126124921,3604
20191126125026,3605
20191126125131,3605
20191126174501,3605
20191126174606,3606
20191126174710,3607
20191126174815,3607
20191126174919,3608
20191126175024,3608
20191126175128,3608
20191126175233,3608
20191126175337,3608
20191126175442,3609
20191126175547,3609
20191126175651,3610
20191126175756,3611
20191126175901,3612
20191126180006,3612
20191126180111,3613
20191126180216,3613
20191126180321,3614
20191126180425,3614
20191126180530,3614
20191126180634,3614
20191126180739,3615
20191126180843,3615
20191126180948,3615
20191126181053,3616
20191126181157,3616
20191126181302,3616
20191126181407,3616
20191126181512,3617
20191126181617,3617
20191127090003,3617
20191127090108,3617
20191127090213,3617
20191127090317,3617
20191127090422,3617
20191127090526,3617
20191127090631,3618
20191127090735,3618
20191127090839,3619
20191127090944,3619
20191127091048,3619
20191127091153,3621
20191127091258,3622
20191127091402,3623
20191127091507,3625
20191127091611,3627
20191127091716,3627
20191127091821,3628
20191127091925,3628
20191127092030,3628
20191127092134,3628
20191127171951,3628
20191127172056,3629
20191127172201,3629
20191127172305,3630
20191127172410,3631
20191127172514,3632
20191127172619,3634
20191127172723,3634
20191127172828,3635
20191127172932,3636
20191127173037,3636
20191127173142,3637
20191127173247,3638
20191127173351,3638
20191127173456,3638
